task,perm,orbit_size,n_cycles,best_gates,best_count,space,parts
0,0 1 2 3 4 5 6 7,1,0,0,1,1,1
1,0 1 2 3 4 5 7 6,12,1,1,1,1,1
2,0 1 2 3 4 6 5 7,12,1,3,4,4,1
3,0 1 2 3 4 6 7 5,48,1,2,3,9,1
4,0 1 2 3 5 4 7 6,12,2,2,2,2,1
5,0 1 2 3 5 6 7 4,24,1,3,8,40,1
6,0 1 2 3 5 7 4 6,12,1,3,4,4,1
7,0 1 2 3 7 6 5 4,6,2,4,8,32,1
8,0 1 2 4 3 5 6 7,4,1,5,36,36,1
9,0 1 2 4 3 5 7 6,24,2,6,72,72,1
10,0 1 2 4 3 6 5 7,24,2,6,24,288,1
11,0 1 2 4 3 6 7 5,48,2,7,240,648,1
12,0 1 2 4 5 3 6 7,24,1,4,12,184,1
13,0 1 2 4 5 3 7 6,48,2,5,24,368,1
14,0 1 2 4 5 6 3 7,48,1,5,15,880,1
15,0 1 2 4 5 6 7 3,48,1,4,7,472,1
16,0 1 2 4 5 7 3 6,48,1,4,2,472,1
17,0 1 2 4 5 7 6 3,48,1,3,4,109,1
18,0 1 2 4 7 3 5 6,48,1,6,15,4096,1
19,0 1 2 4 7 3 6 5,48,1,5,11,880,1
20,0 1 2 4 7 5 6 3,24,1,4,12,184,1
21,0 1 2 4 7 6 5 3,24,2,5,16,1472,1
22,0 1 2 5 3 4 7 6,48,2,5,24,368,1
23,0 1 2 5 3 6 4 7,48,1,5,15,880,1
24,0 1 2 5 3 6 7 4,48,1,6,15,4096,1
25,0 1 2 5 3 7 4 6,48,1,4,2,472,1
26,0 1 2 5 4 3 7 6,24,2,4,8,8,1
27,0 1 2 5 4 6 3 7,16,1,4,3,48,1
28,0 1 2 5 4 6 7 3,48,1,3,2,40,1
29,0 1 2 5 6 3 4 7,48,2,4,8,8,1
30,0 1 2 5 6 3 7 4,48,2,5,26,72,1
31,0 1 2 5 6 4 3 7,48,1,5,10,40,1
32,0 1 2 5 6 4 7 3,48,1,4,4,17,1
33,0 1 2 5 6 7 3 4,48,1,4,2,176,1
34,0 1 2 5 6 7 4 3,48,2,3,6,18,1
35,0 1 2 5 7 3 4 6,48,2,5,26,72,1
36,0 1 2 5 7 3 6 4,24,2,4,2,32,1
37,0 1 2 5 7 4 3 6,48,1,4,2,176,1
38,0 1 2 5 7 4 6 3,24,1,3,4,40,1
39,0 1 2 5 7 6 3 4,48,2,5,4,384,1
40,0 1 2 5 7 6 4 3,48,1,4,5,176,1
41,0 1 2 7 3 4 5 6,48,1,4,7,472,1
42,0 1 2 7 3 6 5 4,24,2,5,16,1472,1
43,0 1 2 7 5 3 4 6,48,1,4,4,17,1
44,0 1 2 7 5 3 6 4,24,1,3,4,40,1
45,0 1 2 7 5 4 3 6,48,2,3,6,18,1
46,0 1 2 7 5 4 6 3,24,2,2,2,2,1
47,0 1 2 7 5 6 3 4,48,1,4,5,176,1
48,0 1 2 7 5 6 4 3,48,2,3,6,18,1
49,0 1 3 2 5 4 6 7,6,2,2,2,2,1
50,0 1 3 2 5 4 7 6,12,3,3,6,6,1
51,0 1 3 2 5 6 4 7,48,2,3,6,18,1
52,0 1 3 2 5 6 7 4,48,2,4,16,80,1
53,0 1 3 2 5 7 4 6,48,2,4,8,8,1
54,0 1 3 2 5 7 6 4,48,2,3,6,18,1
55,0 1 3 2 6 7 4 5,24,3,3,6,6,1
56,0 1 3 2 6 7 5 4,24,2,4,16,80,1
57,0 1 3 2 7 6 4 5,24,2,4,16,80,1
58,0 1 3 2 7 6 5 4,24,3,5,16,96,1
59,0 1 3 4 2 6 5 7,48,2,5,6,1472,1
60,0 1 3 4 2 6 7 5,48,2,6,78,3312,1
61,0 1 3 4 2 7 5 6,48,2,6,78,3312,1
62,0 1 3 4 2 7 6 5,48,2,5,24,368,1
63,0 1 3 4 5 2 6 7,12,1,5,32,2664,1
64,0 1 3 4 5 2 7 6,24,2,6,64,5328,1
65,0 1 3 4 5 6 2 7,48,1,4,4,472,1
66,0 1 3 4 5 6 7 2,48,1,5,6,2032,1
67,0 1 3 4 5 7 2 6,48,1,5,7,181,1
68,0 1 3 4 5 7 6 2,48,1,4,4,472,1
69,0 1 3 4 6 2 5 7,48,1,6,30,11952,1
70,0 1 3 4 6 2 7 5,48,1,5,6,5256,1
71,0 1 3 4 6 7 2 5,48,2,4,8,218,1
72,0 1 3 4 6 7 5 2,48,1,5,6,2032,1
73,0 1 3 4 7 2 5 6,48,1,7,38,52992,1
74,0 1 3 4 7 2 6 5,48,1,6,30,11952,1
75,0 1 3 4 7 6 2 5,48,1,5,5,2032,1
76,0 1 3 4 7 6 5 2,48,2,6,11,7040,1
77,0 1 3 5 2 4 6 7,12,1,5,8,40,1
78,0 1 3 5 2 4 7 6,24,2,6,16,80,1
79,0 1 3 5 2 6 4 7,48,1,6,17,176,1
80,0 1 3 5 2 6 7 4,48,1,7,18,768,1
81,0 1 3 5 2 7 4 6,48,1,5,4,72,1
82,0 1 3 5 2 7 6 4,48,1,6,17,176,1
83,0 1 3 5 6 2 4 7,48,2,5,24,368,1
84,0 1 3 5 6 2 7 4,48,2,6,78,3312,1
85,0 1 3 5 6 4 2 7,48,1,4,1,17,1
86,0 1 3 5 6 4 7 2,48,1,5,5,72,1
87,0 1 3 5 6 7 2 4,48,1,5,5,72,1
88,0 1 3 5 6 7 4 2,48,2,4,8,80,1
89,0 1 3 5 7 2 4 6,48,2,6,78,3312,1
90,0 1 3 5 7 2 6 4,48,2,5,6,1472,1
91,0 1 3 5 7 4 2 6,48,1,5,5,72,1
92,0 1 3 5 7 4 6 2,48,1,4,3,176,1
93,0 1 3 5 7 6 2 4,48,2,6,7,320,1
94,0 1 3 5 7 6 4 2,48,1,5,4,768,1
95,0 1 3 6 2 7 4 5,48,2,4,8,80,1
96,0 1 3 6 2 7 5 4,48,1,5,4,768,1
97,0 1 3 6 5 7 2 4,48,2,4,18,162,1
98,0 1 3 6 5 7 4 2,48,1,5,8,72,1
99,0 1 3 6 7 2 4 5,48,1,5,6,2032,1
100,0 1 3 6 7 2 5 4,48,2,6,11,7040,1
101,0 1 3 6 7 4 2 5,24,2,4,18,162,1
102,0 1 3 6 7 4 5 2,24,1,5,8,768,1
103,0 1 3 7 2 6 4 5,48,1,5,5,72,1
104,0 1 3 7 2 6 5 4,48,2,6,7,320,1
105,0 1 3 7 6 2 4 5,48,2,4,8,218,1
106,0 1 3 7 6 2 5 4,48,1,5,5,2032,1
107,0 1 3 7 6 4 2 5,24,1,5,6,6,1
108,0 1 3 7 6 4 5 2,24,2,4,18,162,1
109,0 1 4 5 2 3 6 7,6,2,6,32,32,1
110,0 1 4 5 2 3 7 6,12,3,7,96,96,1
111,0 1 4 5 2 6 3 7,48,2,7,40,384,1
112,0 1 4 5 2 6 7 3,48,2,6,18,320,1
113,0 1 4 5 2 7 3 6,48,2,6,18,320,1
114,0 1 4 5 2 7 6 3,48,2,5,24,72,1
115,0 1 4 5 3 2 6 7,12,1,7,36,11520,1
116,0 1 4 5 3 2 7 6,24,2,8,72,23040,1
117,0 1 4 5 3 6 2 7,48,1,6,7,4096,1
118,0 1 4 5 3 6 7 2,48,1,9,77,18688,1
119,0 1 4 5 3 7 2 6,48,1,5,1,2032,1
120,0 1 4 5 3 7 6 2,48,1,6,7,4096,1
121,0 1 4 5 6 7 2 3,24,2,4,18,162,1
122,0 1 4 5 6 7 3 2,24,1,5,2,768,1
123,0 1 4 5 7 6 2 3,24,1,5,2,768,1
124,0 1 4 5 7 6 3 2,24,2,6,2,4608,1
125,0 1 4 6 2 7 3 5,48,3,5,4,96,1
126,0 1 4 6 2 7 5 3,48,2,6,20,320,1
127,0 1 4 6 3 2 5 7,48,1,8,16,66816,1
128,0 1 4 6 3 2 7 5,48,1,7,17,52992,1
129,0 1 4 6 3 7 2 5,48,2,6,22,1760,1
130,0 1 4 6 3 7 5 2,48,1,7,4,18688,1
131,0 1 4 6 7 2 3 5,48,2,6,6,7040,1
132,0 1 4 6 7 2 5 3,48,1,7,4,18688,1
133,0 1 4 6 7 3 2 5,24,1,7,32,768,1
134,0 1 4 6 7 3 5 2,24,2,6,2,4608,1
135,0 1 4 7 3 2 5 6,48,1,7,17,52992,1
136,0 1 4 7 3 2 6 5,48,1,6,27,11952,1
137,0 1 4 7 3 6 2 5,48,1,5,5,2032,1
138,0 1 4 7 3 6 5 2,48,2,6,6,7040,1
139,0 1 4 7 6 2 3 5,48,1,5,5,2032,1
140,0 1 4 7 6 2 5 3,48,2,6,22,1760,1
141,0 1 4 7 6 3 2 5,24,2,4,18,162,1
142,0 1 4 7 6 3 5 2,24,1,7,32,768,1
143,0 1 5 4 3 2 6 7,6,2,8,144,2592,1
144,0 1 5 4 3 2 7 6,12,3,9,288,7776,1
145,0 1 5 4 3 6 2 7,48,2,7,48,13248,1
146,0 1 5 4 3 6 7 2,48,2,8,36,63360,1
147,0 1 5 4 3 7 2 6,48,2,8,336,7848,1
148,0 1 5 4 3 7 6 2,48,2,7,48,13248,1
149,0 1 5 4 6 7 2 3,24,1,5,10,5256,1
150,0 1 5 4 6 7 3 2,24,2,6,24,67712,1
151,0 1 5 4 7 6 2 3,24,2,6,24,67712,1
152,0 1 5 4 7 6 3 2,24,1,11,184,350208,1
153,0 1 5 6 3 7 2 4,48,1,7,28,52992,1
154,0 1 5 6 3 7 4 2,48,2,6,40,67712,1
155,0 1 5 6 7 2 3 4,24,3,7,6,3456,1
156,0 1 5 6 7 2 4 3,24,2,8,312,2880,1
157,0 1 5 7 6 2 3 4,24,2,8,312,2880,1
158,0 1 5 7 6 2 4 3,24,3,7,216,216,1
159,0 2 1 3 5 4 7 6,24,3,5,24,24,1
160,0 2 1 3 5 6 7 4,48,2,6,64,320,1
161,0 2 1 3 5 7 4 6,24,2,6,32,32,1
162,0 2 1 3 5 7 6 4,48,2,5,24,72,1
163,0 2 1 3 7 5 6 4,6,2,6,32,32,1
164,0 2 1 3 7 6 5 4,12,3,7,64,384,1
165,0 2 1 4 3 5 7 6,48,3,7,48,864,1
166,0 2 1 4 3 6 5 7,12,3,7,4,3456,1
167,0 2 1 4 3 6 7 5,48,3,8,148,7776,1
168,0 2 1 4 5 3 7 6,48,3,6,12,4416,1
169,0 2 1 4 5 6 3 7,48,2,6,3,7040,1
170,0 2 1 4 5 6 7 3,48,2,7,60,3776,1
171,0 2 1 4 5 7 3 6,48,2,7,23,3776,1
172,0 2 1 4 5 7 6 3,48,2,6,35,872,1
173,0 2 1 4 7 3 5 6,48,2,7,4,32768,1
174,0 2 1 4 7 3 6 5,48,2,6,2,7040,1
175,0 2 1 4 7 5 6 3,24,2,7,110,1472,1
176,0 2 1 4 7 6 5 3,24,3,8,130,17664,1
177,0 2 1 5 3 4 7 6,48,3,6,12,4416,1
178,0 2 1 5 3 6 4 7,48,2,6,3,7040,1
179,0 2 1 5 3 6 7 4,48,2,7,4,32768,1
180,0 2 1 5 3 7 4 6,48,2,7,23,3776,1
181,0 2 1 5 3 7 6 4,48,2,6,2,7040,1
182,0 2 1 5 6 3 4 7,24,3,5,4,96,1
183,0 2 1 5 6 3 7 4,48,3,6,12,864,1
184,0 2 1 5 6 4 3 7,48,2,6,2,320,1
185,0 2 1 5 6 4 7 3,48,2,7,34,136,1
186,0 2 1 5 6 7 3 4,48,2,7,21,1408,1
187,0 2 1 5 6 7 4 3,48,3,6,76,216,1
188,0 2 1 5 7 3 4 6,48,3,6,12,864,1
189,0 2 1 5 7 3 6 4,24,3,7,32,384,1
190,0 2 1 5 7 4 3 6,48,2,7,21,1408,1
191,0 2 1 5 7 4 6 3,48,2,6,33,320,1
192,0 2 1 5 7 6 3 4,48,3,8,42,4608,1
193,0 2 1 5 7 6 4 3,48,2,7,43,1408,1
194,0 2 1 7 3 4 5 6,48,2,7,60,3776,1
195,0 2 1 7 3 4 6 5,48,2,6,35,872,1
196,0 2 1 7 3 5 6 4,24,2,7,110,1472,1
197,0 2 1 7 3 6 5 4,24,3,8,130,17664,1
198,0 2 1 7 5 3 4 6,48,2,7,34,136,1
199,0 2 1 7 5 3 6 4,48,2,6,33,320,1
200,0 2 1 7 5 4 3 6,48,3,6,76,216,1
201,0 2 1 7 5 4 6 3,48,3,5,24,24,1
202,0 2 1 7 5 6 3 4,48,2,7,43,1408,1
203,0 2 1 7 5 6 4 3,48,3,6,72,216,1
204,0 2 3 1 5 4 7 6,48,3,4,18,54,1
205,0 2 3 1 5 6 4 7,24,2,4,18,162,1
206,0 2 3 1 5 6 7 4,48,2,5,48,720,1
207,0 2 3 1 5 7 4 6,48,2,5,24,72,1
208,0 2 3 1 5 7 6 4,24,2,4,18,162,1
209,0 2 3 1 6 4 5 7,24,2,4,18,162,1
210,0 2 3 1 6 4 7 5,48,2,5,24,72,1
211,0 2 3 1 6 5 7 4,48,2,4,18,162,1
212,0 2 3 1 6 7 4 5,48,3,4,18,54,1
213,0 2 3 1 6 7 5 4,48,2,5,48,720,1
214,0 2 3 1 7 4 5 6,48,2,5,48,720,1
215,0 2 3 1 7 5 4 6,24,2,4,18,162,1
216,0 2 3 1 7 6 4 5,48,2,5,48,720,1
217,0 2 3 1 7 6 5 4,48,3,6,48,864,1
218,0 2 3 4 1 5 7 6,48,2,6,30,1760,1
219,0 2 3 4 1 6 7 5,48,2,7,93,15840,1
220,0 2 3 4 1 7 5 6,48,2,7,93,15840,1
221,0 2 3 4 1 7 6 5,48,2,6,30,1760,1
222,0 2 3 4 5 1 7 6,48,2,5,8,944,1
223,0 2 3 4 5 6 1 7,48,1,7,24,52992,1
224,0 2 3 4 5 6 7 1,48,1,6,2,8704,1
225,0 2 3 4 5 7 1 6,48,1,6,5,22320,1
226,0 2 3 4 5 7 6 1,48,1,5,5,2032,1
227,0 2 3 4 6 1 5 7,48,1,5,2,2032,1
228,0 2 3 4 6 1 7 5,48,1,6,5,760,1
229,0 2 3 4 6 5 7 1,48,1,5,2,2032,1
230,0 2 3 4 6 7 1 5,48,2,7,60,23904,1
231,0 2 3 4 6 7 5 1,48,1,6,2,8704,1
232,0 2 3 4 7 1 5 6,48,1,6,2,8704,1
233,0 2 3 4 7 1 6 5,48,1,5,1,2032,1
234,0 2 3 4 7 5 1 6,24,1,7,20,52992,1
235,0 2 3 4 7 5 6 1,48,1,6,4,4096,1
236,0 2 3 4 7 6 1 5,48,1,8,23,232704,1
237,0 2 3 4 7 6 5 1,48,2,7,4,32768,1
238,0 2 3 5 1 4 7 6,48,2,5,6,352,1
239,0 2 3 5 1 6 4 7,24,1,5,2,768,1
240,0 2 3 5 1 6 7 4,48,1,6,2,3328,1
241,0 2 3 5 1 7 4 6,48,1,6,2,304,1
242,0 2 3 5 1 7 6 4,48,1,5,1,768,1
243,0 2 3 5 6 1 4 7,24,2,4,8,80,1
244,0 2 3 5 6 1 7 4,48,2,5,24,720,1
245,0 2 3 5 6 4 1 7,48,1,5,3,2032,1
246,0 2 3 5 6 4 7 1,48,1,6,1,304,1
247,0 2 3 5 6 7 1 4,48,1,6,3,8704,1
248,0 2 3 5 6 7 4 1,48,2,5,10,352,1
249,0 2 3 5 7 1 4 6,48,2,5,24,720,1
250,0 2 3 5 7 4 1 6,48,1,6,3,8704,1
251,0 2 3 5 7 4 6 1,48,1,5,2,768,1
252,0 2 3 5 7 6 1 4,48,2,7,7,32768,1
253,0 2 3 5 7 6 4 1,48,1,6,2,3328,1
254,0 2 3 6 1 4 5 7,24,1,7,32,768,1
255,0 2 3 6 1 4 7 5,48,1,6,5,304,1
256,0 2 3 6 1 5 7 4,48,1,7,28,768,1
257,0 2 3 6 1 7 4 5,48,2,7,34,352,1
258,0 2 3 6 1 7 5 4,48,1,8,37,3328,1
259,0 2 3 6 5 1 4 7,48,1,5,2,72,1
260,0 2 3 6 5 1 7 4,48,1,6,7,304,1
261,0 2 3 6 5 4 1 7,48,2,6,22,1760,1
262,0 2 3 6 5 4 7 1,48,2,5,4,352,1
263,0 2 3 6 5 7 1 4,48,2,7,68,15840,1
264,0 2 3 6 5 7 4 1,48,1,6,2,304,1
265,0 2 3 6 7 1 4 5,48,1,6,7,304,1
266,0 2 3 6 7 1 5 4,48,2,7,6,1408,1
267,0 2 3 6 7 4 1 5,48,2,7,68,15840,1
268,0 2 3 6 7 4 5 1,48,1,8,37,3328,1
269,0 2 3 6 7 5 4 1,48,1,5,1,768,1
270,0 2 3 7 1 4 5 6,48,1,6,5,304,1
271,0 2 3 7 1 4 6 5,48,1,5,4,72,1
272,0 2 3 7 1 5 4 6,48,1,5,1,72,1
273,0 2 3 7 1 5 6 4,48,1,6,11,176,1
274,0 2 3 7 1 6 4 5,48,1,6,5,304,1
275,0 2 3 7 1 6 5 4,48,2,7,7,1408,1
276,0 2 3 7 5 1 4 6,48,1,6,6,25,1
277,0 2 3 7 5 1 6 4,24,1,5,4,72,1
278,0 2 3 7 5 4 1 6,48,2,5,4,944,1
279,0 2 3 7 5 4 6 1,48,2,4,4,80,1
280,0 2 3 7 5 6 1 4,48,1,6,2,8704,1
281,0 2 3 7 5 6 4 1,48,2,5,12,720,1
282,0 2 3 7 6 1 4 5,48,2,5,8,34,1
283,0 2 3 7 6 1 5 4,48,1,6,8,304,1
284,0 2 3 7 6 4 1 5,48,1,6,4,760,1
285,0 2 3 7 6 4 5 1,48,2,5,12,720,1
286,0 2 3 7 6 5 4 1,48,2,4,4,80,1
287,0 2 4 1 3 5 7 6,48,2,6,30,1760,1
288,0 2 4 1 3 6 7 5,48,2,7,93,15840,1
289,0 2 4 1 3 7 5 6,48,2,7,93,15840,1
290,0 2 4 1 3 7 6 5,48,2,6,30,1760,1
291,0 2 4 1 5 3 7 6,48,2,7,34,352,1
292,0 2 4 1 5 6 3 7,24,1,5,2,768,1
293,0 2 4 1 5 6 7 3,48,1,6,5,304,1
294,0 2 4 1 5 7 3 6,48,1,6,2,304,1
295,0 2 4 1 5 7 6 3,48,1,5,1,72,1
296,0 2 4 1 7 3 5 6,48,1,8,37,3328,1
297,0 2 4 1 7 5 6 3,48,1,6,11,176,1
298,0 2 4 1 7 6 3 5,48,1,6,2,3328,1
299,0 2 4 1 7 6 5 3,48,2,7,7,1408,1
300,0 2 4 3 1 5 7 6,48,2,5,6,96,1
301,0 2 4 3 1 6 7 5,48,2,6,18,864,1
302,0 2 4 3 1 7 5 6,48,2,6,18,864,1
303,0 2 4 3 5 1 7 6,48,2,6,20,80,1
304,0 2 4 3 5 6 7 1,48,1,7,22,768,1
305,0 2 4 3 5 7 1 6,48,1,7,13,2032,1
306,0 2 4 3 7 1 5 6,48,1,7,21,768,1
307,0 2 4 3 7 5 6 1,12,1,7,32,256,1
308,0 2 4 3 7 6 1 5,48,1,7,6,18688,1
309,0 2 4 3 7 6 5 1,48,2,8,28,2048,1
310,0 2 4 5 1 3 7 6,48,3,8,104,1152,1
311,0 2 4 5 1 6 3 7,8,2,8,18,4608,1
312,0 2 4 5 1 6 7 3,48,2,7,12,3840,1
313,0 2 4 5 3 1 7 6,48,2,7,14,8192,1
314,0 2 4 5 3 6 1 7,24,1,11,176,350208,1
315,0 2 4 5 3 6 7 1,48,1,10,44,83968,1
316,0 2 4 5 3 7 1 6,48,1,8,6,232704,1
317,0 2 4 5 3 7 6 1,48,1,7,6,18688,1
318,0 2 4 5 7 1 3 6,48,1,8,19,3328,1
319,0 2 4 5 7 3 1 6,48,2,7,1,32768,1
320,0 2 4 5 7 6 1 3,48,1,10,44,83968,1
321,0 2 4 5 7 6 3 1,48,2,9,16,24576,1
322,0 2 4 6 1 3 5 7,8,2,8,18,4608,1
323,0 2 4 6 1 3 7 5,48,2,7,12,3840,1
324,0 2 4 6 3 1 5 7,48,1,9,5,18688,1
325,0 2 4 6 3 1 7 5,48,1,8,3,8704,1
326,0 2 4 6 3 5 7 1,48,1,7,3,18688,1
327,0 2 4 6 3 7 1 5,48,2,9,32,133632,1
328,0 2 4 6 3 7 5 1,48,1,10,11,83968,1
329,0 2 4 6 5 1 7 3,48,2,7,62,720,1
330,0 2 4 6 5 3 7 1,48,1,8,1,3328,1
331,0 2 4 6 5 7 1 3,48,1,8,3,8704,1
332,0 2 4 6 5 7 3 1,48,2,7,2,1408,1
333,0 2 4 6 7 1 3 5,48,2,7,2,1408,1
334,0 2 4 6 7 1 5 3,48,1,8,1,3328,1
335,0 2 4 6 7 3 1 5,48,1,10,11,83968,1
336,0 2 4 6 7 3 5 1,48,2,9,16,24576,1
337,0 2 4 6 7 5 1 3,48,1,7,3,18688,1
338,0 2 4 6 7 5 3 1,24,2,8,8,2048,1
339,0 2 4 7 3 1 5 6,48,1,8,23,8704,1
340,0 2 4 7 3 1 6 5,48,1,7,13,2032,1
341,0 2 4 7 3 5 1 6,48,1,7,8,52992,1
342,0 2 4 7 3 5 6 1,48,1,6,4,4096,1
343,0 2 4 7 3 6 1 5,48,1,8,6,232704,1
344,0 2 4 7 3 6 5 1,48,2,7,1,32768,1
345,0 2 4 7 5 1 3 6,48,2,7,62,720,1
346,0 2 4 7 5 1 6 3,48,2,6,20,80,1
347,0 2 4 7 5 3 1 6,48,1,8,23,8704,1
348,0 2 4 7 5 3 6 1,48,1,7,21,768,1
349,0 2 4 7 5 6 1 3,48,2,7,14,8192,1
350,0 2 4 7 5 6 3 1,48,1,8,19,3328,1
351,0 2 5 1 3 4 7 6,48,2,7,60,23904,1
352,0 2 5 1 3 6 7 4,48,1,8,23,232704,1
353,0 2 5 1 3 7 4 6,48,1,6,5,22320,1
354,0 2 5 1 3 7 6 4,24,1,7,20,52992,1
355,0 2 5 1 6 3 7 4,48,2,7,68,15840,1
356,0 2 5 1 6 4 3 7,48,1,5,3,2032,1
357,0 2 5 1 6 4 7 3,48,1,6,4,760,1
358,0 2 5 1 6 7 3 4,48,1,6,3,8704,1
359,0 2 5 1 6 7 4 3,48,2,5,4,944,1
360,0 2 5 1 7 3 4 6,48,2,7,68,15840,1
361,0 2 5 1 7 4 3 6,48,1,6,3,8704,1
362,0 2 5 1 7 4 6 3,48,1,5,1,2032,1
363,0 2 5 1 7 6 3 4,48,2,7,7,32768,1
364,0 2 5 1 7 6 4 3,48,1,6,2,8704,1
365,0 2 5 3 6 1 7 4,48,2,6,72,3312,1
366,0 2 5 3 6 7 1 4,48,1,7,12,52992,1
367,0 2 5 3 7 6 1 4,24,2,8,36,92160,1
368,0 2 5 4 3 1 7 6,48,3,8,96,39744,1
369,0 2 5 4 3 6 1 7,24,2,10,216,829440,1
370,0 2 5 4 3 6 7 1,48,2,9,24,294912,1
371,0 2 5 4 3 7 1 6,48,2,9,60,860544,1
372,0 2 5 4 3 7 6 1,48,2,8,48,63360,1
373,0 2 5 4 6 1 3 7,24,2,6,16,67712,1
374,0 2 5 4 6 1 7 3,48,2,7,104,40112,1
375,0 2 5 4 6 3 1 7,48,1,9,36,1181952,1
376,0 2 5 4 6 3 7 1,48,1,8,4,232704,1
377,0 2 5 4 6 7 1 3,48,1,8,23,622080,1
378,0 2 5 4 6 7 3 1,48,2,7,18,323840,1
379,0 2 5 4 7 1 3 6,48,2,7,4,323840,1
380,0 2 5 4 7 1 6 3,48,2,8,324,67712,1
381,0 2 5 4 7 3 1 6,48,1,10,16,5474304,1
382,0 2 5 4 7 3 6 1,48,1,11,162,350208,1
383,0 2 5 4 7 6 1 3,48,2,9,72,4239360,1
384,0 2 5 4 7 6 3 1,48,1,12,24,1732608,1
385,0 2 5 6 3 1 4 7,48,2,6,20,67712,1
386,0 2 5 6 3 1 7 4,48,2,7,8,323840,1
387,0 2 5 6 3 4 7 1,48,1,8,7,232704,1
388,0 2 5 6 3 7 1 4,48,1,10,16,5474304,1
389,0 2 5 6 3 7 4 1,48,2,7,18,323840,1
390,0 2 5 6 7 1 3 4,48,3,8,97,17664,1
391,0 2 5 6 7 1 4 3,48,2,7,100,14720,1
392,0 2 5 6 7 3 1 4,48,2,9,8,534528,1
393,0 2 5 6 7 3 4 1,48,1,10,44,83968,1
394,0 2 5 6 7 4 1 3,48,1,8,10,232704,1
395,0 2 5 6 7 4 3 1,48,2,7,2,32768,1
396,0 2 5 7 3 1 4 6,48,2,7,106,40112,1
397,0 2 5 7 3 1 6 4,24,2,8,364,67712,1
398,0 2 5 7 3 4 1 6,48,1,8,23,622080,1
399,0 2 5 7 3 4 6 1,48,1,7,15,52992,1
400,0 2 5 7 3 6 1 4,48,2,9,72,4239360,1
401,0 2 5 7 3 6 4 1,48,1,8,9,232704,1
402,0 2 5 7 6 1 3 4,48,2,7,98,14720,1
403,0 2 5 7 6 1 4 3,48,3,6,72,1104,1
404,0 2 5 7 6 3 1 4,48,1,8,10,232704,1
405,0 2 5 7 6 3 4 1,48,2,7,30,8192,1
406,0 2 5 7 6 4 1 3,48,2,7,54,23904,1
407,0 2 5 7 6 4 3 1,48,1,6,1,8704,1
408,0 2 6 1 3 4 7 5,48,1,6,5,760,1
409,0 2 6 1 3 7 4 5,48,2,5,8,944,1
410,0 2 6 1 3 7 5 4,48,1,6,2,8704,1
411,0 2 6 1 5 3 7 4,48,1,6,7,304,1
412,0 2 6 1 5 4 3 7,24,2,4,8,80,1
413,0 2 6 1 5 4 7 3,48,2,5,8,34,1
414,0 2 6 1 5 7 3 4,48,2,5,24,720,1
415,0 2 6 1 5 7 4 3,48,1,6,6,25,1
416,0 2 6 1 7 3 4 5,48,1,6,7,304,1
417,0 2 6 1 7 3 5 4,48,2,7,6,1408,1
418,0 2 6 1 7 4 3 5,48,2,5,24,720,1
419,0 2 6 1 7 4 5 3,48,1,6,8,304,1
420,0 2 6 1 7 5 4 3,24,1,5,4,72,1
421,0 2 6 3 5 1 7 4,48,1,5,2,72,1
422,0 2 6 3 5 7 1 4,48,2,6,72,3312,1
423,0 2 6 3 7 1 5 4,24,2,8,96,320,1
424,0 2 6 4 3 1 5 7,24,2,10,768,2880,1
425,0 2 6 4 3 1 7 5,48,2,9,96,1224,1
426,0 2 6 4 3 5 7 1,48,2,8,36,2880,1
427,0 2 6 4 3 7 1 5,48,3,8,96,39744,1
428,0 2 6 4 3 7 5 1,48,2,9,30,12672,1
429,0 2 6 4 5 1 7 3,48,1,6,6,760,1
430,0 2 6 4 5 3 7 1,48,2,7,14,14720,1
431,0 2 6 4 5 7 1 3,48,2,7,106,40112,1
432,0 2 6 4 5 7 3 1,48,1,6,4,8704,1
433,0 2 6 4 7 1 3 5,48,1,6,1,8704,1
434,0 2 6 4 7 1 5 3,48,2,9,256,14720,1
435,0 2 6 4 7 3 1 5,48,2,7,8,323840,1
436,0 2 6 4 7 3 5 1,48,1,12,77,83968,1
437,0 2 6 4 7 5 1 3,24,2,8,364,67712,1
438,0 2 6 5 3 1 7 4,48,1,6,1,8704,1
439,0 2 6 5 3 4 1 7,24,2,6,16,67712,1
440,0 2 6 5 3 4 7 1,48,2,7,20,14720,1
441,0 2 6 5 3 7 1 4,48,2,7,4,323840,1
442,0 2 6 5 3 7 4 1,48,1,6,4,8704,1
443,0 2 6 5 7 1 3 4,48,2,7,26,1408,1
444,0 2 6 5 7 1 4 3,48,1,6,6,304,1
445,0 2 6 5 7 3 1 4,48,3,8,97,17664,1
446,0 2 6 5 7 3 4 1,48,2,7,8,1408,1
447,0 2 6 5 7 4 1 3,48,2,7,98,14720,1
448,0 2 6 5 7 4 3 1,48,1,6,1,3328,1
449,0 2 6 7 3 1 4 5,48,1,6,6,760,1
450,0 2 6 7 3 1 5 4,48,2,9,256,14720,1
451,0 2 6 7 3 4 1 5,48,2,7,104,40112,1
452,0 2 6 7 3 4 5 1,48,1,8,35,8704,1
453,0 2 6 7 3 5 4 1,48,1,5,2,2032,1
454,0 2 6 7 5 1 3 4,48,1,6,6,304,1
455,0 2 6 7 5 1 4 3,48,2,5,2,34,1
456,0 2 6 7 5 3 1 4,48,2,7,100,14720,1
457,0 2 6 7 5 3 4 1,48,1,6,2,304,1
458,0 2 6 7 5 4 1 3,48,3,6,72,1104,1
459,0 2 6 7 5 4 3 1,48,2,5,4,352,1
460,0 2 7 1 3 4 5 6,48,1,6,2,8704,1
461,0 2 7 1 3 5 4 6,48,1,5,5,2032,1
462,0 2 7 1 3 6 4 5,48,1,6,2,8704,1
463,0 2 7 1 3 6 5 4,48,2,7,4,32768,1
464,0 2 7 1 5 3 4 6,48,1,6,2,304,1
465,0 2 7 1 5 4 3 6,48,2,5,10,352,1
466,0 2 7 1 5 6 3 4,48,1,6,2,3328,1
467,0 2 7 1 5 6 4 3,48,2,5,12,720,1
468,0 2 7 1 6 3 4 5,48,2,5,4,352,1
469,0 2 7 1 6 3 5 4,48,1,8,37,3328,1
470,0 2 7 1 6 4 3 5,48,1,6,1,304,1
471,0 2 7 1 6 4 5 3,48,2,5,12,720,1
472,0 2 7 1 6 5 4 3,48,2,4,4,80,1
473,0 2 7 4 3 1 5 6,48,2,9,30,12672,1
474,0 2 7 4 3 5 1 6,48,2,8,48,63360,1
475,0 2 7 4 3 5 6 1,16,2,7,36,3456,1
476,0 2 7 4 3 6 1 5,48,2,9,24,294912,1
477,0 2 7 4 3 6 5 1,48,3,8,8,41472,1
478,0 2 7 4 5 1 3 6,48,1,6,4,8704,1
479,0 2 7 4 5 3 1 6,48,2,7,18,323840,1
480,0 2 7 4 5 3 6 1,48,2,6,12,17664,1
481,0 2 7 4 5 6 1 3,48,1,8,9,232704,1
482,0 2 7 4 5 6 3 1,48,2,7,8,84480,1
483,0 2 7 4 6 1 3 5,48,2,7,20,14720,1
484,0 2 7 4 6 1 5 3,48,1,8,35,8704,1
485,0 2 7 4 6 3 1 5,48,1,8,7,232704,1
486,0 2 7 4 6 3 5 1,48,2,7,8,84480,1
487,0 2 7 4 6 5 1 3,48,1,7,15,52992,1
488,0 2 7 5 3 1 4 6,48,1,6,4,8704,1
489,0 2 7 5 3 4 1 6,48,2,7,18,323840,1
490,0 2 7 5 3 4 6 1,48,2,6,12,17664,1
491,0 2 7 5 3 6 1 4,48,1,12,24,1732608,1
492,0 2 7 5 3 6 4 1,48,2,7,8,84480,1
493,0 2 7 5 6 1 3 4,48,1,6,1,3328,1
494,0 2 7 5 6 1 4 3,48,2,5,4,352,1
495,0 2 7 5 6 3 1 4,48,2,7,2,32768,1
496,0 2 7 5 6 3 4 1,48,3,6,8,1152,1
497,0 2 7 5 6 4 1 3,48,1,6,1,8704,1
498,0 2 7 5 6 4 3 1,48,2,7,6,3840,1
499,0 2 7 6 3 1 4 5,48,2,7,14,14720,1
500,0 2 7 6 3 1 5 4,48,1,12,77,83968,1
501,0 2 7 6 3 4 1 5,48,1,8,4,232704,1
502,0 2 7 6 3 4 5 1,48,2,7,8,84480,1
503,0 2 7 6 5 1 3 4,48,2,7,8,1408,1
504,0 2 7 6 5 1 4 3,48,1,6,2,304,1
505,0 2 7 6 5 3 1 4,48,1,10,44,83968,1
506,0 2 7 6 5 3 4 1,48,2,7,6,3840,1
507,0 2 7 6 5 4 1 3,48,2,7,30,8192,1
508,0 2 7 6 5 4 3 1,48,3,6,8,1152,1
509,0 3 5 1 6 2 4 7,12,3,7,216,216,1
510,0 3 5 1 6 2 7 4,48,3,8,696,1944,1
511,0 3 5 1 6 4 2 7,48,2,4,8,218,1
512,0 3 5 1 6 4 7 2,48,2,5,4,944,1
513,0 3 5 1 6 7 2 4,48,2,5,14,944,1
514,0 3 5 1 6 7 4 2,24,3,6,72,1104,1
515,0 3 5 1 7 2 4 6,48,3,8,696,1944,1
516,0 3 5 1 7 4 2 6,48,2,5,14,944,1
517,0 3 5 1 7 6 2 4,48,3,6,32,4416,1
518,0 3 5 1 7 6 4 2,48,2,7,30,8192,1
519,0 3 5 2 6 1 7 4,48,2,5,24,1962,1
520,0 3 5 2 6 4 1 7,24,1,5,8,5256,1
521,0 3 5 2 6 4 7 1,48,1,6,11,760,1
522,0 3 5 2 6 7 1 4,48,1,6,10,22320,1
523,0 3 5 2 7 1 4 6,48,2,5,24,1962,1
524,0 3 5 2 7 4 1 6,48,1,6,10,22320,1
525,0 3 5 2 7 6 1 4,48,2,7,18,95616,1
526,0 3 5 2 7 6 4 1,48,1,6,8,8704,1
527,0 3 5 4 6 1 7 2,48,1,6,6,22320,1
528,0 3 5 4 6 2 1 7,24,2,8,96,191808,1
529,0 3 5 4 6 2 7 1,48,2,9,348,33984,1
530,0 3 5 4 6 7 1 2,24,2,7,16,980352,1
531,0 3 5 4 7 1 2 6,48,1,6,6,22320,1
532,0 3 5 4 7 2 1 6,48,2,9,72,860544,1
533,0 3 5 4 7 6 1 2,48,1,12,406,5474304,1
534,0 3 5 4 7 6 2 1,48,2,7,24,323840,1
535,0 3 5 6 7 1 2 4,48,2,7,41,3776,1
536,0 3 5 6 7 1 4 2,48,1,6,2,8704,1
537,0 3 5 6 7 2 1 4,48,3,8,14,158976,1
538,0 3 5 6 7 2 4 1,48,2,9,240,12672,1
539,0 3 5 6 7 4 1 2,48,2,7,24,323840,1
540,0 3 5 6 7 4 2 1,48,1,6,5,8704,1
541,0 3 6 1 5 2 7 4,48,2,5,14,944,1
542,0 3 6 1 5 4 2 7,8,3,3,6,6,1
543,0 3 6 1 5 4 7 2,48,3,4,18,54,1
544,0 3 6 1 5 7 4 2,48,2,5,8,34,1
545,0 3 6 1 7 2 4 5,48,2,5,14,944,1
546,0 3 6 1 7 2 5 4,48,3,6,32,4416,1
547,0 3 6 1 7 4 2 5,48,3,4,18,54,1
548,0 3 6 1 7 4 5 2,48,2,5,10,352,1
549,0 3 6 2 5 1 4 7,8,1,5,6,6,1
550,0 3 6 2 5 1 7 4,48,1,6,11,25,1
551,0 3 6 2 5 7 1 4,48,2,5,24,1962,1
552,0 3 6 2 7 1 4 5,48,1,6,11,25,1
553,0 3 6 2 7 1 5 4,48,2,7,16,136,1
554,0 3 6 2 7 4 1 5,48,2,5,24,1962,1
555,0 3 6 2 7 4 5 1,48,1,6,8,304,1
556,0 3 6 4 5 2 1 7,16,1,7,51,143856,1
557,0 3 6 4 5 2 7 1,48,1,6,5,22320,1
558,0 3 6 4 7 1 2 5,48,2,5,4,944,1
559,0 3 6 4 7 1 5 2,48,1,6,2,8704,1
560,0 3 6 4 7 2 1 5,48,1,8,38,622080,1
561,0 3 6 4 7 2 5 1,48,2,7,26,323840,1
562,0 3 6 5 7 1 2 4,48,3,6,76,216,1
563,0 3 6 5 7 1 4 2,48,2,5,12,720,1
564,0 3 6 5 7 2 1 4,48,2,7,9,95616,1
565,0 3 6 5 7 2 4 1,48,1,6,8,8704,1
566,0 3 6 5 7 4 1 2,48,1,6,5,8704,1
567,0 3 6 5 7 4 2 1,48,2,5,10,352,1
568,0 3 7 1 6 2 4 5,24,3,6,72,1104,1
569,0 3 7 1 6 2 5 4,48,2,7,30,8192,1
570,0 3 7 1 6 4 2 5,48,2,5,8,34,1
571,0 3 7 1 6 4 5 2,48,3,6,76,216,1
572,0 3 7 1 6 5 4 2,12,3,5,24,24,1
573,0 3 7 2 6 1 5 4,48,1,6,8,304,1
574,0 3 7 2 6 4 1 5,48,1,6,11,760,1
575,0 3 7 2 6 4 5 1,48,2,5,12,720,1
576,0 3 7 4 6 1 5 2,48,2,7,41,3776,1
577,0 3 7 4 6 2 1 5,24,2,7,48,980352,1
578,0 3 7 4 6 2 5 1,48,1,8,13,232704,1
579,0 3 7 4 6 5 1 2,12,2,6,16,21312,1
580,0 6 5 1 3 2 7 4,48,2,9,72,860544,1
581,0 6 5 1 3 4 7 2,48,1,8,38,622080,1
582,0 6 5 1 3 7 4 2,24,2,7,48,980352,1
583,0 6 5 1 7 2 3 4,48,3,8,14,158976,1
584,0 6 5 1 7 2 4 3,48,2,9,348,33984,1
585,0 6 5 1 7 3 2 4,48,2,7,9,95616,1
586,0 6 5 1 7 3 4 2,48,1,8,13,232704,1
587,0 6 5 1 7 4 2 3,48,1,6,5,22320,1
588,0 6 5 1 7 4 3 2,48,2,7,26,323840,1
589,0 6 5 3 7 1 2 4,12,2,6,16,21312,1
590,0 6 5 3 7 2 1 4,12,3,9,48,31104,1
591,0 6 5 4 3 2 1 7,4,3,11,432,279936,1
592,0 6 5 4 3 2 7 1,24,3,10,96,1430784,1
593,0 6 5 4 7 1 2 3,24,2,7,16,980352,1
594,0 6 5 4 7 1 3 2,48,1,12,406,5474304,1
595,0 6 5 4 7 2 1 3,24,3,10,96,1430784,1
596,0 6 5 4 7 2 3 1,48,2,11,108,4810752,1
597,1 0 3 2 5 4 7 6,3,4,4,24,24,1
598,1 0 3 2 5 6 7 4,24,3,5,48,240,1
599,1 0 3 2 5 7 4 6,24,3,5,24,24,1
600,1 0 3 2 6 7 4 5,6,4,4,24,24,1
601,1 0 3 2 6 7 5 4,24,3,5,48,240,1
602,1 0 3 2 7 6 5 4,12,4,6,48,384,1
603,1 0 3 4 2 6 7 5,48,3,7,228,9936,1
604,1 0 3 4 2 7 5 6,48,3,7,228,9936,1
605,1 0 3 4 5 2 7 6,12,3,7,192,15984,1
606,1 0 3 4 5 6 7 2,48,2,6,12,4064,1
607,1 0 3 4 5 7 2 6,48,2,6,14,362,1
608,1 0 3 4 6 2 7 5,48,2,6,12,10512,1
609,1 0 3 4 6 7 2 5,48,3,5,24,654,1
610,1 0 3 4 6 7 5 2,48,2,6,12,4064,1
611,1 0 3 4 7 2 5 6,48,2,8,76,105984,1
612,1 0 3 4 7 6 2 5,48,2,6,10,4064,1
613,1 0 3 4 7 6 5 2,48,3,7,22,21120,1
614,1 0 3 5 2 4 7 6,12,3,7,48,240,1
615,1 0 3 5 2 6 7 4,48,2,8,36,1536,1
616,1 0 3 5 2 7 4 6,48,2,6,8,144,1
617,1 0 3 5 6 2 7 4,48,3,7,228,9936,1
618,1 0 3 5 6 4 7 2,48,2,6,10,144,1
619,1 0 3 5 6 7 2 4,48,2,6,10,144,1
620,1 0 3 5 6 7 4 2,24,3,5,24,240,1
621,1 0 3 5 7 2 4 6,48,3,7,228,9936,1
622,1 0 3 5 7 4 2 6,48,2,6,10,144,1
623,1 0 3 5 7 6 2 4,48,3,7,14,960,1
624,1 0 3 5 7 6 4 2,48,2,6,8,1536,1
625,1 0 3 6 2 7 4 5,24,3,5,24,240,1
626,1 0 3 6 2 7 5 4,48,2,6,8,1536,1
627,1 0 3 6 5 7 2 4,48,3,5,54,486,1
628,1 0 3 6 5 7 4 2,48,2,6,16,144,1
629,1 0 3 6 7 2 4 5,48,2,6,12,4064,1
630,1 0 3 6 7 2 5 4,48,3,7,22,21120,1
631,1 0 3 6 7 4 2 5,24,3,5,54,486,1
632,1 0 3 6 7 4 5 2,24,2,6,16,1536,1
633,1 0 3 7 2 6 4 5,48,2,6,10,144,1
634,1 0 3 7 2 6 5 4,48,3,7,14,960,1
635,1 0 3 7 6 2 5 4,48,2,6,10,4064,1
636,1 0 3 7 6 4 2 5,24,2,6,12,12,1
637,1 0 3 7 6 4 5 2,24,3,5,54,486,1
638,1 0 4 5 2 3 7 6,6,4,8,384,384,1
639,1 0 4 5 2 6 7 3,48,3,7,52,960,1
640,1 0 4 5 2 7 3 6,48,3,7,52,960,1
641,1 0 4 5 3 2 7 6,12,3,9,216,69120,1
642,1 0 4 5 3 6 7 2,48,2,10,154,37376,1
643,1 0 4 5 3 7 2 6,48,2,6,2,4064,1
644,1 0 4 5 6 7 2 3,24,3,5,54,486,1
645,1 0 4 5 6 7 3 2,24,2,6,4,1536,1
646,1 0 4 5 7 6 2 3,24,2,6,4,1536,1
647,1 0 4 5 7 6 3 2,24,3,7,4,13824,1
648,1 0 4 6 2 7 3 5,24,4,6,12,384,1
649,1 0 4 6 2 7 5 3,48,3,7,56,960,1
650,1 0 4 6 3 2 7 5,48,2,8,34,105984,1
651,1 0 4 6 3 7 2 5,48,3,7,66,5280,1
652,1 0 4 6 3 7 5 2,48,2,8,8,37376,1
653,1 0 4 6 7 2 3 5,48,3,7,12,21120,1
654,1 0 4 6 7 2 5 3,48,2,8,8,37376,1
655,1 0 4 6 7 3 2 5,24,2,8,64,1536,1
656,1 0 4 6 7 3 5 2,24,3,7,4,13824,1
657,1 0 4 7 3 2 5 6,48,2,8,34,105984,1
658,1 0 4 7 3 6 2 5,48,2,6,10,4064,1
659,1 0 4 7 3 6 5 2,48,3,7,12,21120,1
660,1 0 4 7 6 2 3 5,48,2,6,10,4064,1
661,1 0 4 7 6 3 2 5,24,3,5,54,486,1
662,1 0 4 7 6 3 5 2,24,2,8,64,1536,1
663,1 0 5 4 3 2 7 6,6,4,10,864,31104,1
664,1 0 5 4 3 6 7 2,48,3,9,72,190080,1
665,1 0 5 4 3 7 2 6,48,3,9,960,23544,1
666,1 0 5 4 6 7 2 3,24,2,6,20,10512,1
667,1 0 5 4 6 7 3 2,24,3,7,48,203136,1
668,1 0 5 4 7 6 2 3,24,3,7,48,203136,1
669,1 0 5 4 7 6 3 2,24,2,12,368,700416,1
670,1 0 5 6 3 7 2 4,48,2,8,56,105984,1
671,1 0 5 6 3 7 4 2,48,3,7,80,203136,1
672,1 0 5 6 7 2 3 4,24,4,8,12,13824,1
673,1 0 5 6 7 2 4 3,24,3,9,912,8640,1
674,1 0 5 7 6 2 3 4,24,3,9,912,8640,1
675,1 0 5 7 6 2 4 3,8,4,8,864,864,1
676,1 2 0 4 3 6 7 5,24,3,9,2236,17496,1
677,1 2 0 4 3 7 5 6,24,3,9,2236,17496,1
678,1 2 0 4 5 6 7 3,48,2,6,42,8496,1
679,1 2 0 4 5 7 3 6,48,2,6,12,8496,1
680,1 2 0 4 6 3 7 5,48,2,6,12,8496,1
681,1 2 0 4 6 7 5 3,48,2,6,42,8496,1
682,1 2 0 4 7 3 5 6,48,2,8,94,73728,1
683,1 2 0 4 7 6 3 5,48,2,8,94,73728,1
684,1 2 0 4 7 6 5 3,48,3,7,96,39744,1
685,1 2 0 5 3 6 7 4,48,2,8,94,73728,1
686,1 2 0 5 3 7 4 6,48,2,6,12,8496,1
687,1 2 0 5 6 3 7 4,24,3,7,240,1944,1
688,1 2 0 5 6 4 7 3,48,2,6,24,306,1
689,1 2 0 5 6 7 3 4,48,2,6,12,3168,1
690,1 2 0 5 7 3 4 6,48,3,7,240,1944,1
691,1 2 0 5 7 4 3 6,48,2,6,12,3168,1
692,1 2 0 5 7 6 3 4,48,3,7,24,10368,1
693,1 2 0 5 7 6 4 3,48,2,6,30,3168,1
694,1 2 0 6 3 4 7 5,48,2,6,12,8496,1
695,1 2 0 6 3 7 5 4,48,2,8,94,73728,1
696,1 2 0 6 5 3 7 4,48,2,6,12,3168,1
697,1 2 0 6 5 7 4 3,48,2,6,24,306,1
698,1 2 0 6 7 3 4 5,48,2,6,12,3168,1
699,1 2 0 6 7 3 5 4,48,3,7,24,10368,1
700,1 2 0 6 7 4 3 5,24,3,7,240,1944,1
701,1 2 0 6 7 4 5 3,48,2,6,30,3168,1
702,1 2 0 7 3 4 5 6,48,2,6,42,8496,1
703,1 2 0 7 3 6 4 5,48,2,6,42,8496,1
704,1 2 0 7 3 6 5 4,48,3,7,96,39744,1
705,1 2 0 7 5 3 4 6,48,2,6,24,306,1
706,1 2 0 7 5 6 3 4,48,2,6,30,3168,1
707,1 2 0 7 6 3 5 4,48,2,6,30,3168,1
708,1 2 0 7 6 4 3 5,48,2,6,24,306,1
709,1 2 3 0 5 6 7 4,12,2,6,128,3200,1
710,1 2 3 0 5 7 4 6,48,2,6,64,320,1
711,1 2 3 0 6 7 5 4,24,2,6,128,3200,1
712,1 2 3 0 7 4 5 6,12,2,6,128,3200,1
713,1 2 3 0 7 6 5 4,24,3,7,128,3840,1
714,1 2 3 4 5 6 7 0,24,1,7,4,94464,1
715,1 2 3 4 5 7 0 6,48,1,7,6,3184,1
716,1 2 3 4 6 0 7 5,48,1,7,7,3184,1
717,1 2 3 4 6 7 5 0,24,1,7,4,94464,1
718,1 2 3 4 7 0 5 6,48,1,7,2,37120,1
719,1 2 3 4 7 6 0 5,48,1,7,2,37120,1
720,1 2 3 4 7 6 5 0,48,2,8,12,423936,1
721,1 2 3 5 0 6 7 4,48,1,7,10,1280,1
722,1 2 3 5 0 7 4 6,48,1,7,16,104,1
723,1 2 3 5 6 4 7 0,48,1,7,6,3184,1
724,1 2 3 5 6 7 0 4,48,1,7,14,1280,1
725,1 2 3 5 7 4 0 6,24,1,7,12,1280,1
726,1 2 3 5 7 6 0 4,48,2,8,16,6144,1
727,1 2 3 5 7 6 4 0,48,1,7,2,37120,1
728,1 2 3 6 0 4 7 5,48,1,7,16,104,1
729,1 2 3 6 0 7 5 4,48,1,7,10,1280,1
730,1 2 3 6 5 0 7 4,12,1,7,16,1280,1
731,1 2 3 6 5 7 4 0,48,1,7,7,3184,1
732,1 2 3 6 7 0 5 4,48,2,8,14,6144,1
733,1 2 3 6 7 4 5 0,48,1,7,2,37120,1
734,1 2 3 7 0 4 5 6,24,1,7,20,104,1
735,1 2 3 7 0 6 4 5,24,1,7,20,104,1
736,1 2 3 7 0 6 5 4,48,2,8,32,576,1
737,1 2 3 7 5 6 0 4,48,1,7,10,1280,1
738,1 2 3 7 6 0 5 4,48,1,7,10,1280,1
739,1 2 3 7 6 4 0 5,48,1,7,16,104,1
740,1 2 4 0 5 7 3 6,48,1,7,2,1280,1
741,1 2 4 0 6 3 7 5,48,1,7,8,1280,1
742,1 2 4 0 7 3 5 6,24,1,9,40,14336,1
743,1 2 4 0 7 6 3 5,24,1,9,40,14336,1
744,1 2 4 0 7 6 5 3,48,2,8,13,6144,1
745,1 2 4 5 0 6 7 3,24,2,6,8,3200,1
746,1 2 4 5 0 7 3 6,24,2,6,8,3200,1
747,1 2 4 5 3 6 7 0,48,1,11,146,1013760,1
748,1 2 4 5 3 7 0 6,48,1,9,12,37120,1
749,1 2 4 5 6 0 7 3,48,1,7,2,1280,1
750,1 2 4 5 6 3 7 0,48,2,8,51,16256,1
751,1 2 4 5 6 7 3 0,48,1,7,3,37120,1
752,1 2 4 5 7 0 3 6,24,1,11,68,14336,1
753,1 2 4 5 7 3 0 6,48,2,8,18,6144,1
754,1 2 4 5 7 6 0 3,24,1,9,10,14336,1
755,1 2 4 5 7 6 3 0,48,2,8,3,393216,1
756,1 2 4 6 0 3 7 5,48,2,6,8,3200,1
757,1 2 4 6 3 0 7 5,48,1,9,5,37120,1
758,1 2 4 6 3 7 5 0,48,1,9,4,1013760,1
759,1 2 4 6 5 3 7 0,48,1,9,10,37120,1
760,1 2 4 6 5 7 0 3,48,1,7,1,1280,1
761,1 2 4 6 5 7 3 0,48,2,8,21,16256,1
762,1 2 4 6 7 0 3 5,48,2,8,12,6144,1
763,1 2 4 6 7 0 5 3,48,1,9,2,14336,1
764,1 2 4 6 7 3 5 0,48,2,8,3,393216,1
765,1 2 4 7 0 3 5 6,24,2,6,8,3200,1
766,1 2 4 7 0 6 3 5,24,2,6,8,3200,1
767,1 2 4 7 3 0 5 6,48,1,9,41,37120,1
768,1 2 4 7 3 6 0 5,48,1,7,2,37120,1
769,1 2 4 7 3 6 5 0,48,2,8,3,423936,1
770,1 2 4 7 5 3 0 6,48,1,7,1,1280,1
771,1 2 4 7 5 6 3 0,48,1,7,3,37120,1
772,1 2 4 7 6 0 3 5,48,1,7,4,1280,1
773,1 2 4 7 6 3 5 0,48,1,9,67,37120,1
774,1 2 5 0 3 6 7 4,24,1,9,16,1013760,1
775,1 2 5 0 3 7 4 6,48,1,7,8,94464,1
776,1 2 5 0 6 4 7 3,48,1,7,8,3184,1
777,1 2 5 0 7 6 3 4,48,2,8,6,149504,1
778,1 2 5 0 7 6 4 3,48,1,7,4,37120,1
779,1 2 5 4 0 6 7 3,48,1,7,4,94464,1
780,1 2 5 4 0 7 3 6,24,1,7,8,94464,1
781,1 2 5 4 3 6 7 0,48,2,10,36,3815424,1
782,1 2 5 4 3 7 0 6,48,2,10,246,146304,1
783,1 2 5 4 6 0 7 3,48,2,8,92,191840,1
784,1 2 5 4 6 3 7 0,48,1,9,20,2674944,1
785,1 2 5 4 6 7 0 3,48,1,7,7,94464,1
786,1 2 5 4 6 7 3 0,48,2,8,12,4398336,1
787,1 2 5 4 7 0 3 6,24,2,10,382,1548800,1
788,1 2 5 4 7 3 0 6,48,1,9,8,1013760,1
789,1 2 5 4 7 6 0 3,48,2,8,12,1507328,1
790,1 2 5 4 7 6 3 0,48,1,13,190,24883200,2
791,1 2 5 6 0 3 7 4,48,1,9,5,37120,1
792,1 2 5 6 0 7 3 4,48,2,8,19,16256,1
793,1 2 5 6 0 7 4 3,48,1,7,8,3184,1
794,1 2 5 6 3 0 7 4,24,2,8,8,1548800,1
795,1 2 5 6 3 4 7 0,48,1,9,30,2674944,1
796,1 2 5 6 3 7 0 4,48,1,9,2,1013760,1
797,1 2 5 6 3 7 4 0,48,2,8,30,4398336,1
798,1 2 5 6 7 0 3 4,48,3,9,79,84480,1
799,1 2 5 6 7 0 4 3,48,2,8,90,70400,1
800,1 2 5 6 7 3 0 4,48,2,8,1,149504,1
801,1 2 5 6 7 4 0 3,48,1,7,2,37120,1
802,1 2 5 6 7 4 3 0,24,2,10,246,423936,1
803,1 2 5 7 0 3 4 6,48,1,7,1,3184,1
804,1 2 5 7 0 6 3 4,48,1,9,12,37120,1
805,1 2 5 7 3 0 4 6,48,2,8,96,191840,1
806,1 2 5 7 3 4 0 6,48,1,7,3,94464,1
807,1 2 5 7 3 6 0 4,48,2,8,18,1507328,1
808,1 2 5 7 3 6 4 0,48,1,9,27,2674944,1
809,1 2 5 7 6 0 3 4,48,2,8,90,70400,1
810,1 2 5 7 6 3 0 4,48,1,7,3,37120,1
811,1 2 5 7 6 4 3 0,48,1,7,5,94464,1
812,1 2 6 0 3 4 7 5,48,1,7,8,3184,1
813,1 2 6 0 5 7 4 3,48,1,7,12,104,1
814,1 2 6 0 7 3 5 4,48,2,8,13,6144,1
815,1 2 6 0 7 4 5 3,24,1,7,16,1280,1
816,1 2 6 4 0 7 5 3,48,1,7,15,3184,1
817,1 2 6 4 3 0 7 5,48,2,10,168,5184,1
818,1 2 6 4 3 7 5 0,48,2,10,192,146304,1
819,1 2 6 4 5 3 7 0,48,2,8,112,173696,1
820,1 2 6 4 5 7 0 3,48,2,6,32,8720,1
821,1 2 6 4 7 0 5 3,48,2,8,16,64768,1
822,1 2 6 4 7 3 5 0,48,1,11,11,1013760,1
823,1 2 6 5 0 3 7 4,24,2,8,36,576,1
824,1 2 6 5 0 4 7 3,24,1,7,6,104,1
825,1 2 6 5 0 7 3 4,48,1,7,4,1280,1
826,1 2 6 5 3 4 7 0,48,2,8,122,173696,1
827,1 2 6 5 3 7 4 0,48,1,7,5,94464,1
828,1 2 6 5 7 0 3 4,48,2,8,12,6144,1
829,1 2 6 5 7 3 0 4,24,3,7,16,3840,1
830,1 2 6 5 7 4 0 3,12,2,6,32,3200,1
831,1 2 6 7 0 3 5 4,48,1,7,1,1280,1
832,1 2 6 7 3 0 4 5,48,1,7,12,3184,1
833,1 2 6 7 3 0 5 4,48,2,8,12,64768,1
834,1 2 6 7 3 4 5 0,48,1,7,2,94464,1
835,1 2 6 7 5 3 0 4,24,2,6,32,3200,1
836,1 2 6 7 5 3 4 0,48,1,7,3,3184,1
837,1 2 7 0 3 6 5 4,48,2,8,6,149504,1
838,1 2 7 0 5 3 4 6,48,1,7,2,1280,1
839,1 2 7 0 5 6 3 4,24,1,9,40,14336,1
840,1 2 7 0 6 3 5 4,24,1,9,40,14336,1
841,1 2 7 0 6 4 3 5,48,1,9,18,1280,1
842,1 2 7 4 0 6 5 3,48,2,8,51,16256,1
843,1 2 7 4 3 0 5 6,24,2,10,48,55296,1
844,1 2 7 4 3 6 0 5,24,2,10,144,55296,1
845,1 2 7 4 3 6 5 0,48,3,9,13,760320,1
846,1 2 7 4 5 3 0 6,48,2,8,78,64768,1
847,1 2 7 4 5 6 3 0,24,2,8,20,1548800,1
848,1 2 7 4 6 0 3 5,48,2,8,16,64768,1
849,1 2 7 4 6 3 5 0,24,2,8,16,1548800,1
850,1 2 7 5 0 3 4 6,48,2,8,36,576,1
851,1 2 7 5 0 6 3 4,48,2,8,6,16896,1
852,1 2 7 5 3 0 4 6,48,1,9,41,37120,1
853,1 2 7 5 3 4 0 6,48,2,8,78,64768,1
854,1 2 7 5 3 6 0 4,48,1,11,5,372736,1
855,1 2 7 5 3 6 4 0,48,2,8,15,1548800,1
856,1 2 7 5 6 0 3 4,48,1,9,2,14336,1
857,1 2 7 5 6 4 3 0,48,2,8,13,70400,1
858,1 2 7 6 0 3 5 4,48,2,8,6,16896,1
859,1 2 7 6 0 4 3 5,48,2,8,19,576,1
860,1 2 7 6 3 0 4 5,48,2,8,12,64768,1
861,1 2 7 6 3 0 5 4,48,1,13,153,372736,1
862,1 2 7 6 3 4 0 5,48,1,7,1,37120,1
863,1 2 7 6 3 4 5 0,48,2,8,18,1548800,1
864,1 2 7 6 5 3 0 4,48,1,9,10,14336,1
865,1 2 7 6 5 3 4 0,48,2,8,14,70400,1
866,1 3 0 2 5 7 4 6,6,2,6,32,32,1
867,1 3 0 2 6 4 7 5,6,2,6,32,32,1
868,1 3 0 2 7 6 5 4,12,3,7,64,384,1
869,1 3 0 4 5 7 2 6,48,1,7,16,253,1
870,1 3 0 4 6 2 7 5,24,1,7,20,7848,1
871,1 3 0 4 7 6 5 2,48,2,8,10,16256,1
872,1 3 0 6 2 4 7 5,24,1,7,6,104,1
873,1 3 0 6 5 7 4 2,24,1,9,8,104,1
874,1 3 0 6 7 2 5 4,48,2,8,10,16256,1
875,1 3 0 7 2 6 5 4,48,2,8,19,576,1
876,1 3 0 7 6 4 2 5,12,1,7,8,8,1
877,1 3 4 6 0 2 7 5,48,1,7,8,3184,1
878,1 3 4 6 0 7 5 2,48,1,7,1,1280,1
879,1 3 4 6 2 0 7 5,24,2,8,36,576,1
880,1 3 4 6 2 7 5 0,48,2,8,21,16256,1
881,1 3 4 6 5 2 7 0,48,2,8,112,173696,1
882,1 3 4 6 5 7 0 2,24,2,8,8,3200,1
883,1 3 4 6 7 0 5 2,48,2,8,6,16896,1
884,1 3 4 6 7 2 0 5,48,2,8,13,70400,1
885,1 3 4 6 7 2 5 0,48,1,11,44,1013760,1
886,1 3 4 7 2 6 5 0,48,3,7,16,10464,1
887,1 3 4 7 5 2 0 6,48,2,8,40,6256,1
888,1 3 5 4 0 7 2 6,24,2,6,32,23762,1
889,1 3 5 4 2 6 7 0,48,1,9,20,2674944,1
890,1 3 5 4 2 7 0 6,48,1,7,2,94464,1
891,1 3 5 4 6 2 7 0,24,2,10,672,378432,1
892,1 3 5 4 6 7 2 0,48,1,7,12,237168,1
893,1 3 5 4 7 0 2 6,24,1,7,8,94464,1
894,1 3 5 4 7 2 0 6,48,2,10,246,146304,1
895,1 3 5 4 7 6 0 2,48,1,11,44,1013760,1
896,1 3 5 4 7 6 2 0,48,2,8,38,4398336,1
897,1 3 5 6 0 7 4 2,48,2,8,40,6256,1
898,1 3 5 6 2 4 7 0,48,2,8,122,173696,1
899,1 3 5 6 7 0 2 4,48,2,8,19,16256,1
900,1 3 5 6 7 2 0 4,48,3,9,10,34560,1
901,1 3 5 7 0 2 4 6,8,2,10,432,432,1
902,1 3 5 7 2 6 0 4,48,1,11,5,37120,1
903,1 3 5 7 6 4 2 0,24,2,6,32,23762,1
904,1 3 6 4 0 7 5 2,48,2,6,32,8720,1
905,1 3 6 4 2 7 5 0,48,1,7,7,94464,1
906,1 3 6 4 7 0 5 2,48,1,7,2,37120,1
907,1 3 6 4 7 2 5 0,48,2,8,38,4398336,1
908,1 3 7 4 2 6 5 0,48,2,8,4,423936,1
909,1 3 7 4 5 2 0 6,48,1,7,3,94464,1
910,1 3 7 6 2 0 5 4,48,2,8,6,16896,1
911,1 3 7 6 2 4 0 5,24,2,8,14,3200,1
912,1 3 7 6 2 4 5 0,48,1,7,1,37120,1
913,1 3 7 6 5 2 0 4,48,2,8,14,70400,1
914,1 6 3 4 2 7 5 0,48,2,8,12,4398336,1
915,1 6 3 4 5 2 7 0,6,2,10,2112,14193792,1
916,1 6 3 4 7 0 5 2,24,2,8,20,1548800,1
917,1 6 3 4 7 2 5 0,24,1,13,964,70170624,4
918,1 6 3 5 2 4 7 0,24,2,10,640,213120,1
919,1 6 3 5 7 2 0 4,48,3,9,296,812544,1
920,1 6 4 0 3 7 5 2,48,1,9,2,1013760,1
921,1 6 4 0 7 2 3 5,24,2,8,16,1548800,1
922,1 6 4 0 7 2 5 3,48,1,11,11,1013760,1
923,1 6 4 0 7 3 5 2,48,2,8,3,393216,1
924,1 6 4 2 3 7 5 0,48,2,8,30,4398336,1
925,1 6 4 2 7 0 3 5,48,1,7,2,37120,1
926,1 6 4 2 7 3 5 0,48,1,13,198,1013760,1
927,1 6 4 5 2 3 7 0,12,3,9,256,255744,1
928,1 6 4 5 2 7 3 0,48,2,8,3,423936,1
929,1 6 4 5 3 2 7 0,24,2,10,144,61378560,4
930,1 6 4 5 3 7 0 2,48,2,8,18,1507328,1
931,1 6 4 5 7 0 3 2,48,2,8,3,393216,1
932,1 6 4 5 7 2 3 0,48,1,13,64,24883200,2
933,1 6 4 5 7 3 0 2,48,3,9,120,211968,1
934,1 6 4 7 3 2 5 0,48,1,11,12,70170624,4
935,1 6 5 0 7 2 3 4,48,3,9,13,760320,1
936,1 6 5 2 3 4 7 0,6,2,8,128,14193792,1
937,1 6 5 2 3 7 4 0,12,1,9,40,6905088,1
938,1 6 5 2 7 0 3 4,24,2,10,246,423936,1
939,1 6 5 2 7 3 0 4,24,3,9,292,812544,1
940,1 6 5 4 3 2 7 0,12,3,11,192,20715264,2
941,1 6 5 4 3 7 0 2,48,3,9,36,7312896,1
942,1 6 5 4 3 7 2 0,16,2,10,144,10357632,1
943,1 6 5 4 7 0 3 2,48,1,13,190,24883200,2
944,1 6 5 4 7 2 0 3,24,3,9,24,7312896,1
945,1 6 5 4 7 2 3 0,48,2,12,192,85100544,5
946,1 6 5 4 7 3 0 2,48,2,10,24,24588288,2
947,1 7 3 5 2 4 0 6,12,2,10,128,3200,1
948,1 7 3 5 2 6 0 4,24,1,13,32,14336,1
949,1 7 4 0 2 6 5 3,24,3,7,16,3840,1
950,1 7 4 0 3 6 5 2,48,2,8,1,149504,1
951,1 7 4 2 3 6 5 0,24,3,9,292,812544,1
952,1 7 4 2 6 0 3 5,12,2,6,32,3200,1
953,1 7 4 5 2 3 0 6,12,3,9,32,3840,1
954,1 7 4 5 2 6 3 0,48,3,9,120,211968,1
955,1 7 4 5 3 2 0 6,24,2,12,864,921600,1
956,1 7 4 5 3 6 0 2,48,1,13,8,372736,1
957,1 7 4 5 6 0 3 2,24,1,9,10,14336,1
958,1 7 4 5 6 2 3 0,48,2,8,12,1507328,1
959,1 7 4 6 3 0 5 2,48,1,11,5,372736,1
960,1 7 4 6 3 2 5 0,48,2,10,24,24588288,2
961,1 7 5 0 6 2 3 4,24,2,10,144,55296,1
962,1 7 5 4 3 2 0 6,12,3,13,3264,311040,1
963,1 7 5 4 3 6 0 2,48,2,12,24,1345536,1
964,1 7 5 4 6 2 3 0,24,3,9,24,7312896,1
965,3 2 1 0 7 6 5 4,3,4,8,128,6144,1
966,3 2 1 4 7 6 5 0,12,3,9,36,1105920,1
967,3 2 1 5 7 6 0 4,24,3,9,20,24576,1
968,3 2 4 5 7 6 0 1,6,2,12,304,131072,1
969,3 2 4 5 7 6 1 0,24,1,15,340,8257536,1
970,3 2 4 6 7 0 5 1,24,2,12,104,131072,1
971,3 2 5 4 7 6 1 0,12,2,12,324,265420800,14
972,3 2 5 6 7 0 1 4,48,2,12,70,2801664,1
973,3 2 7 6 1 0 5 4,6,2,12,304,131072,1
974,3 4 5 6 7 2 0 1,8,3,9,12,497664,1
975,3 4 5 6 7 2 1 0,24,2,14,1152,25214976,2
976,3 4 7 0 1 6 5 2,6,4,8,16,6144,1
977,3 4 7 0 2 6 5 1,12,3,11,160,24576,1
978,3 4 7 5 2 6 1 0,24,1,15,350,8257536,1
979,3 6 5 0 7 2 1 4,6,4,10,16,497664,1
980,3 6 5 4 7 2 1 0,12,3,13,1152,89579520,5
981,3 6 7 4 1 2 5 0,12,1,15,656,477757440,24
982,3 6 7 5 2 0 1 4,8,3,9,12,497664,1
983,7 6 5 4 3 2 1 0,1,4,14,1728,40310784,3
